Lorem,4
ipsum,22
dolor,22
sit,40
amet,39
consectetur,23
adipiscing,3
elit,18
Ut,9
maximus,17
massa,22
id,45
mauris,14
accumsan,12
molestie,19
Morbi,11
ut,49
ac,32
odio,29
commodo,23
laoreet,9
In,17
tempor,18
lorem,20
suscipit,13
orci,22
malesuada,17
non,30
Vestibulum,19
augue,17
vel,38
lectus,18
viverra,19
et,44
mollis,10
arcu,23
Suspendisse,18
nulla,15
ante,20
hendrerit,13
imperdiet,11
a,36
sodales,14
eu,43
tellus,15
Aliquam,17
leo,20
nunc,16
elementum,10
volutpat,13
vitae,34
Donec,18
dignissim,11
lacus,13
mi,26
at,36
venenatis,17
risus,26
vehicula,15
sed,40
Proin,14
interdum,12
justo,21
in,43
finibus,13
rhoncus,18
dictum,10
dui,22
erat,18
diam,22
semper,17
euismod,10
Vivamus,10
nec,36
quis,28
Phasellus,22
urna,18
auctor,17
quam,21
tempus,14
lobortis,21
ultrices,13
fringilla,13
Sed,22
nibh,30
porta,15
Orci,1
varius,11
natoque,1
penatibus,1
magnis,1
dis,1
parturient,1
montes,1
nascetur,1
ridiculus,1
mus,1
Nulla,12
sollicitudin,12
posuere,19
ullamcorper,9
purus,21
gravida,10
magna,14
dapibus,18
tincidunt,29
Nullam,9
enim,15
Nunc,12
egestas,12
cursus,6
condimentum,23
Praesent,13
convallis,22
libero,17
felis,18
blandit,16
pharetra,10
velit,10
Aenean,9
tortor,17
nisl,22
faucibus,16
ligula,14
eget,35
pretium,15
ultricies,15
sem,19
Duis,12
efficitur,13
fermentum,18
Maecenas,10
vulputate,15
eros,11
rutrum,23
congue,17
Etiam,15
pellentesque,12
sagittis,16
sapien,16
ornare,20
neque,20
luctus,18
Curabitur,15
consequat,17
ex,18
est,25
nisi,24
feugiat,12
Fusce,8
vestibulum,18
Quisque,15
scelerisque,15
mattis,17
Cras,12
Integer,17
eleifend,11
aliquam,11
placerat,13
metus,17
hac,1
habitasse,1
platea,1
dictumst,1
iaculis,5
Pellentesque,14
habitant,1
morbi,1
tristique,9
senectus,1
netus,1
fames,3
turpis,14
porttitor,14
pulvinar,7
Mauris,14
facilisis,12
aliquet,12
Nam,12
lacinia,4
bibendum,5
potenti,3
Interdum,2
primis,3
facilisi,1
Class,2
aptent,2
taciti,2
sociosqu,2
ad,2
litora,2
torquent,2
per,4
conubia,2
nostra,2
inceptos,2
himenaeos,2
cubilia,1
Curae;,1
nullam,1
